{
  "project_info": {
    "project_number": "1037389644390",
    "firebase_url": "https://myfcm-409b5.firebaseio.com",
    "project_id": "myfcm-409b5",
    "storage_bucket": "myfcm-409b5.appspot.com"
  },
  "client": [
    {
      "client_info": {
        "mobilesdk_app_id": "1:1037389644390:android:07608b2854c24ee7",
        "android_client_info": {
          "package_name": "com.example.hashem.notiapp"
        }
      },
      "oauth_client": [
        {
          "client_id": "1037389644390-lbisd93bbokqvg2jeikt46u2dk7gq2hn.apps.googleusercontent.com",
          "client_type": 3
        }
      ],
      "api_key": [
        {
          "current_key": "AIzaSyBe79gMY9qm-RmZba51rFr56r7acv6Ueig"
        }
      ],
      "services": {
        "appinvite_service": {
          "other_platform_oauth_client": [
            {
              "client_id": "1037389644390-lbisd93bbokqvg2jeikt46u2dk7gq2hn.apps.googleusercontent.com",
              "client_type": 3
            }
          ]
        }
      }
    }
  ],
  "configuration_version": "1"
}